probe_idx,gapfill,AAC,CAC
0,AC,0.003315292044798846,0.0033058749576183166
0,AAC,0.9810646330903435,0.0024721534072314534
0,CAC,0.0024721448720532633,0.9810645848898527
0,AGC,0.0024721534072314534,2.836783451736667e-08
0,ACC,0.0024834679382593314,1.1362731518723131e-05
0,TAC,0.0024721448720532633,0.002472125039396936
0,,3.018779863112984e-06,3.0187798631129837e-06
0,AAAC,0.0018764001417098392,4.706846455132084e-06
0,C,0.00029494991942158354,0.0008198538170710456
0,AACA,0.0033671867419323145,8.48476928559279e-06
0,CACA,8.48476928559279e-06,0.0033671867419323145
0,CCC,2.836783451736667e-08,0.0024721732398877805
0,AAT,0.0024721732398877805,2.836783451736667e-08
0,AAA,0.002480083509007629,4.820049084459794e-08
0,CGC,1e-09,0.002472125039396936
0,NAC,0.0024721448720532633,0.002472125039396936
