probe_idx,gapfill,AAC,CAC
0,AAC,0.9810646330903435,0.0024721534072314534
0,CAC,0.0024721448720532633,0.9810645848898527
0,AC,0.003315292044798846,0.0033058749576183166
0,CCC,2.836783451736667e-08,0.0024721732398877805
0,CC,9.27546561935948e-06,2.069135303091444e-05
0,AACA,0.0033671867419323145,8.48476928559279e-06
0,C,0.00029494991942158354,0.0008198538170710456
0,AAT,0.0024721732398877805,2.836783451736667e-08
0,ACC,0.0024834679382593314,1.1362731518723131e-05
